{
  "swagger" : "2.0",
  "info" : {
    "version" : "1.0",
    "title" : "Summary about the new REST service.",
    "description" : "Summary about the new REST service."
  },
  "host" : "localhost:8080",
  "basePath" : "/",
  "schemes" : [ "http" ],
  "paths" : {
    "/customer/{id}/accountdetails" : {
      "get" : {
        "summary" : "",
        "description" : "",
        "operationId" : "get-customer-accountdetails",
        "consumes" : [ "application/json" ],
        "produces" : [ "application/json" ],
        "parameters" : [ {
          "name" : "id",
          "in" : "path",
          "description" : "",
          "type" : "string",
          "required" : true
        } ],
        "responses" : {
          "200" : {
            "description" : "a CustomerAccountDetails to be returned",
            "schema" : {
              "$ref" : "#/definitions/CustomerAccountDetails"
            }
          }
        }
      }
    }
  },
  "definitions" : {
    "CustomerAccountDetails" : {
      "type" : "object",
      "required" : [ "accountDetails", "name" ],
      "properties" : {
        "name" : {
          "type" : "string"
        },
        "email" : {
          "type" : "string"
        },
        "accountDetails" : {
          "$ref" : "#/definitions/accountDetails"
        }
      }
    },
    "accountDetails" : {
      "type" : "object",
      "required" : [ "Amount", "AccountType", "AccountNumber" ],
      "properties" : {
        "AccountNumber" : {
          "type" : "integer"
        },
        "AccountType" : {
          "type" : "string"
        },
        "Amount" : {
          "type" : "number"
        }
      }
    }
  }
}