{
  "swagger" : "2.0",
  "info" : {
    "version" : "1.0",
    "title" : "Summary about the new REST service.",
    "description" : "Summary about the new REST service."
  },
  "host" : "localhost:8080",
  "basePath" : "/",
  "schemes" : [ "http" ],
  "paths" : {
    "/customer/{id}" : {
      "get" : {
        "summary" : "",
        "description" : "",
        "operationId" : "get-customer",
        "consumes" : [ "application/json" ],
        "produces" : [ "application/json" ],
        "parameters" : [ {
          "name" : "id",
          "in" : "path",
          "description" : "",
          "type" : "string",
          "required" : true
        } ],
        "responses" : {
          "200" : {
            "description" : "a CustomerDetails to be returned",
            "schema" : {
              "$ref" : "#/definitions/CustomerDetails"
            }
          }
        }
      }
    }
  },
  "definitions" : {
    "CustomerDetails" : {
      "type" : "object",
      "required" : [ "account_id", "name", "id", "email" ],
      "properties" : {
        "id" : {
          "type" : "integer"
        },
        "name" : {
          "type" : "string"
        },
        "email" : {
          "type" : "string"
        },
        "account_id" : {
          "type" : "integer"
        }
      }
    }
  }
}